index,path,label
0,train/0.jpg,metal_can
1,train/1.jpg,plastic_bottle
2,train/2.jpg,plastic_bottle_cap
3,train/3.jpg,plastic_straw
4,train/4.jpg,styrofoam
5,train/5.jpg,plastic_bottle
6,train/6.jpg,plastic_container
7,train/7.jpg,paper_cup
8,train/8.jpg,styrofoam
9,train/9.jpg,plastic_bottle_cap
10,train/10.jpg,plastic_tableware
11,train/11.jpg,aluminium_foil
12,train/12.jpg,plastic_bottle
13,train/13.jpg,plastic_straw
14,train/14.jpg,plastic_lid
15,train/15.jpg,drink_carton
16,train/16.jpg,paper
17,train/17.jpg,paper_tissues
18,train/18.jpg,metal_can
19,train/19.jpg,carton
20,train/20.jpg,plastic_bottle
21,train/21.jpg,carton
22,train/22.jpg,drink_carton
23,train/23.jpg,styrofoam
24,train/24.jpg,aluminium_foil
25,train/25.jpg,paper_cup
26,train/26.jpg,plastic_cup
27,train/27.jpg,plastic_cup
28,train/28.jpg,plastic_container
29,train/29.jpg,plastic_bottle_cap
30,train/30.jpg,metal_can
31,train/31.jpg,plastic_straw
32,train/32.jpg,glass_bottle
33,train/33.jpg,styrofoam
34,train/34.jpg,paper_cup
35,train/35.jpg,metal_can
36,train/36.jpg,plastic_bottle
37,train/37.jpg,plastic_bottle
38,train/38.jpg,plastic_bottle_cap
39,train/39.jpg,chips_bag
40,train/40.jpg,plastic_bag
41,train/41.jpg,plastic_bottle
42,train/42.jpg,plastic_bag
43,train/43.jpg,plastic_bottle
44,train/44.jpg,styrofoam
45,train/45.jpg,glass_bottle
46,train/46.jpg,drink_carton
47,train/47.jpg,plastic_lid
48,train/48.jpg,plastic_bag
49,train/49.jpg,plastic_bottle
50,train/50.jpg,plastic_bag
51,train/51.jpg,plastic_bottle
52,train/52.jpg,plastic_tableware
53,train/53.jpg,plastic_straw
54,train/54.jpg,plastic_bottle
55,train/55.jpg,plastic_straw
56,train/56.jpg,plastic_cup
57,train/57.jpg,styrofoam
58,train/58.jpg,glass_bottle
59,train/59.jpg,paper
60,train/60.jpg,metal_can
61,train/61.jpg,paper_cup
62,train/62.jpg,chips_bag
63,train/63.jpg,plastic_cup
64,train/64.jpg,metal_can
65,train/65.jpg,plastic_bottle
66,train/66.jpg,paper_cup
67,train/67.jpg,plastic_cup
68,train/68.jpg,plastic_tableware
69,train/69.jpg,plastic_bottle
70,train/70.jpg,plastic_bottle
71,train/71.jpg,plastic_bottle
72,train/72.jpg,carton
73,train/73.jpg,plastic_bottle
74,train/74.jpg,plastic_straw
75,train/75.jpg,metal_can
76,train/76.jpg,plastic_straw
77,train/77.jpg,plastic_bottle_cap
78,train/78.jpg,glass_bottle
79,train/79.jpg,plastic_straw
80,train/80.jpg,plastic_bottle
81,train/81.jpg,plastic_straw
82,train/82.jpg,plastic_straw
83,train/83.jpg,plastic_bag
84,train/84.jpg,plastic_cup
85,train/85.jpg,carton
86,train/86.jpg,plastic_container
87,train/87.jpg,plastic_straw
88,train/88.jpg,plastic_bottle_cap
89,train/89.jpg,chips_bag
90,train/90.jpg,plastic_bag
91,train/91.jpg,plastic_cup
92,train/92.jpg,plastic_bottle
93,train/93.jpg,plastic_bottle_cap
94,train/94.jpg,plastic_straw
95,train/95.jpg,plastic_cup
96,train/96.jpg,plastic_bottle
97,train/97.jpg,plastic_bottle_cap
98,train/98.jpg,paper_tissues
99,train/99.jpg,carton
100,train/100.jpg,glass_bottle
101,train/101.jpg,styrofoam
102,train/102.jpg,metal_can
103,train/103.jpg,metal_can
104,train/104.jpg,plastic_straw
105,train/105.jpg,plastic_bottle_cap
106,train/106.jpg,plastic_tableware
107,train/107.jpg,paper
108,train/108.jpg,plastic_bottle
109,train/109.jpg,plastic_bottle
110,train/110.jpg,plastic_bottle_cap
111,train/111.jpg,plastic_bottle
112,train/112.jpg,plastic_bottle_cap
113,train/113.jpg,plastic_bottle_cap
114,train/114.jpg,glass_bottle
115,train/115.jpg,plastic_straw
116,train/116.jpg,drink_carton
117,train/117.jpg,plastic_cup
118,train/118.jpg,plastic_straw
119,train/119.jpg,plastic_container
120,train/120.jpg,plastic_bottle
121,train/121.jpg,metal_can
122,train/122.jpg,paper_tissues
123,train/123.jpg,metal_can
124,train/124.jpg,plastic_lid
125,train/125.jpg,styrofoam
126,train/126.jpg,plastic_bag
127,train/127.jpg,drink_carton
128,train/128.jpg,plastic_bottle_cap
129,train/129.jpg,carton
130,train/130.jpg,plastic_bottle_cap
131,train/131.jpg,plastic_straw
132,train/132.jpg,glass_bottle
133,train/133.jpg,plastic_tableware
134,train/134.jpg,plastic_bottle
135,train/135.jpg,paper
136,train/136.jpg,paper_tissues
137,train/137.jpg,plastic_cup
138,train/138.jpg,plastic_bottle_cap
139,train/139.jpg,glass_bottle
140,train/140.jpg,plastic_bottle
141,train/141.jpg,glass_bottle
142,train/142.jpg,glass_bottle
143,train/143.jpg,plastic_bag
144,train/144.jpg,paper
145,train/145.jpg,glass_bottle
146,train/146.jpg,plastic_bottle_cap
147,train/147.jpg,plastic_bottle_cap
148,train/148.jpg,glass_bottle
149,train/149.jpg,plastic_bag
150,train/150.jpg,paper
151,train/151.jpg,plastic_bottle
152,train/152.jpg,plastic_straw
153,train/153.jpg,metal_bottle_cap
154,train/154.jpg,carton
155,train/155.jpg,paper
156,train/156.jpg,plastic_lid
157,train/157.jpg,chips_bag
158,train/158.jpg,carton
159,train/159.jpg,paper
160,train/160.jpg,chips_bag
161,train/161.jpg,carton
162,train/162.jpg,plastic_bottle
163,train/163.jpg,plastic_bag
164,train/164.jpg,metal_can
165,train/165.jpg,metal_bottle_cap
166,train/166.jpg,plastic_bottle_cap
167,train/167.jpg,plastic_bottle_cap
168,train/168.jpg,metal_bottle_cap
169,train/169.jpg,paper_cup
170,train/170.jpg,metal_can
171,train/171.jpg,plastic_lid
172,train/172.jpg,styrofoam
173,train/173.jpg,styrofoam
174,train/174.jpg,plastic_bottle
175,train/175.jpg,plastic_bottle
176,train/176.jpg,carton
177,train/177.jpg,plastic_bottle
178,train/178.jpg,plastic_lid
179,train/179.jpg,carton
180,train/180.jpg,plastic_straw
181,train/181.jpg,plastic_bottle
182,train/182.jpg,plastic_cup
183,train/183.jpg,plastic_bottle
184,train/184.jpg,plastic_lid
185,train/185.jpg,plastic_bottle
186,train/186.jpg,plastic_cup
187,train/187.jpg,drink_carton
188,train/188.jpg,plastic_cup
189,train/189.jpg,plastic_bottle_cap
190,train/190.jpg,plastic_bottle
191,train/191.jpg,plastic_bag
192,train/192.jpg,styrofoam
193,train/193.jpg,plastic_cup
194,train/194.jpg,plastic_straw
195,train/195.jpg,paper
196,train/196.jpg,plastic_bottle
197,train/197.jpg,plastic_bottle
198,train/198.jpg,paper_cup
199,train/199.jpg,plastic_bottle_cap
200,train/200.jpg,glass_bottle
201,train/201.jpg,plastic_lid
202,train/202.jpg,plastic_bottle
203,train/203.jpg,plastic_bottle_cap
204,train/204.jpg,paper
205,train/205.jpg,plastic_bottle
206,train/206.jpg,plastic_bottle
207,train/207.jpg,plastic_straw
208,train/208.jpg,plastic_cup
209,train/209.jpg,styrofoam
210,train/210.jpg,plastic_container
211,train/211.jpg,plastic_bottle_cap
212,train/212.jpg,plastic_tableware
213,train/213.jpg,plastic_bag
214,train/214.jpg,plastic_bag
215,train/215.jpg,drink_carton
216,train/216.jpg,aluminium_foil
217,train/217.jpg,paper
218,train/218.jpg,plastic_cup
219,train/219.jpg,aluminium_foil
220,train/220.jpg,metal_can
221,train/221.jpg,carton
222,train/222.jpg,plastic_cup
223,train/223.jpg,plastic_cup
224,train/224.jpg,carton
225,train/225.jpg,plastic_cup
226,train/226.jpg,plastic_cup
227,train/227.jpg,plastic_lid
228,train/228.jpg,metal_bottle_cap
229,train/229.jpg,plastic_bottle
230,train/230.jpg,metal_can
231,train/231.jpg,plastic_tableware
232,train/232.jpg,plastic_bottle_cap
233,train/233.jpg,plastic_bag
234,train/234.jpg,plastic_cup
235,train/235.jpg,aluminium_foil
236,train/236.jpg,plastic_bottle
237,train/237.jpg,plastic_straw
238,train/238.jpg,plastic_cup
239,train/239.jpg,plastic_bag
240,train/240.jpg,plastic_cup
241,train/241.jpg,metal_bottle_cap
242,train/242.jpg,paper_tissues
243,train/243.jpg,plastic_bottle
244,train/244.jpg,plastic_bottle
245,train/245.jpg,plastic_straw
246,train/246.jpg,plastic_cup
247,train/247.jpg,plastic_tableware
248,train/248.jpg,plastic_bottle_cap
249,train/249.jpg,plastic_bottle_cap
250,train/250.jpg,styrofoam
251,train/251.jpg,plastic_bottle
252,train/252.jpg,paper
253,train/253.jpg,carton
254,train/254.jpg,paper
255,train/255.jpg,plastic_bottle
256,train/256.jpg,carton
257,train/257.jpg,styrofoam
258,train/258.jpg,aluminium_foil
259,train/259.jpg,plastic_bottle
260,train/260.jpg,plastic_lid
261,train/261.jpg,plastic_lid
262,train/262.jpg,plastic_straw
263,train/263.jpg,chips_bag
264,train/264.jpg,aluminium_foil
265,train/265.jpg,plastic_container
266,train/266.jpg,carton
267,train/267.jpg,aluminium_foil
268,train/268.jpg,plastic_lid
269,train/269.jpg,plastic_cup
270,train/270.jpg,drink_carton
271,train/271.jpg,carton
272,train/272.jpg,metal_can
273,train/273.jpg,plastic_bottle
274,train/274.jpg,carton
275,train/275.jpg,plastic_cup
276,train/276.jpg,styrofoam
277,train/277.jpg,plastic_bottle_cap
278,train/278.jpg,plastic_cup
279,train/279.jpg,metal_bottle_cap
280,train/280.jpg,plastic_tableware
281,train/281.jpg,plastic_bottle_cap
282,train/282.jpg,plastic_bag
283,train/283.jpg,paper
284,train/284.jpg,plastic_cup
285,train/285.jpg,metal_bottle_cap
286,train/286.jpg,glass_bottle
287,train/287.jpg,plastic_bag
288,train/288.jpg,plastic_bottle_cap
289,train/289.jpg,plastic_bottle
290,train/290.jpg,plastic_straw
291,train/291.jpg,plastic_bottle
292,train/292.jpg,chips_bag
293,train/293.jpg,plastic_bottle_cap
294,train/294.jpg,metal_bottle_cap
295,train/295.jpg,metal_bottle_cap
296,train/296.jpg,plastic_bottle
297,train/297.jpg,plastic_cup
298,train/298.jpg,metal_bottle_cap
299,train/299.jpg,carton
300,train/300.jpg,carton
301,train/301.jpg,plastic_bag
302,train/302.jpg,plastic_bottle
303,train/303.jpg,metal_can
304,train/304.jpg,metal_can
305,train/305.jpg,plastic_bottle_cap
306,train/306.jpg,glass_bottle
307,train/307.jpg,metal_can
308,train/308.jpg,chips_bag
309,train/309.jpg,carton
310,train/310.jpg,paper
311,train/311.jpg,plastic_container
312,train/312.jpg,plastic_bottle_cap
313,train/313.jpg,paper
314,train/314.jpg,plastic_bottle
315,train/315.jpg,styrofoam
316,train/316.jpg,plastic_straw
317,train/317.jpg,plastic_straw
318,train/318.jpg,plastic_container
319,train/319.jpg,metal_can
320,train/320.jpg,plastic_lid
321,train/321.jpg,metal_bottle_cap
322,train/322.jpg,plastic_bottle
323,train/323.jpg,paper
324,train/324.jpg,plastic_tableware
325,train/325.jpg,plastic_bag
326,train/326.jpg,paper_cup
327,train/327.jpg,plastic_cup
328,train/328.jpg,plastic_bottle
329,train/329.jpg,paper
330,train/330.jpg,carton
331,train/331.jpg,plastic_bottle
332,train/332.jpg,plastic_straw
333,train/333.jpg,glass_bottle
334,train/334.jpg,paper_cup
335,train/335.jpg,metal_bottle_cap
336,train/336.jpg,plastic_lid
337,train/337.jpg,metal_can
338,train/338.jpg,plastic_bottle
339,train/339.jpg,metal_can
340,train/340.jpg,metal_can
341,train/341.jpg,metal_can
342,train/342.jpg,plastic_straw
343,train/343.jpg,metal_can
344,train/344.jpg,plastic_bottle
345,train/345.jpg,plastic_straw
346,train/346.jpg,paper_cup
347,train/347.jpg,plastic_bottle_cap
348,train/348.jpg,plastic_bottle
349,train/349.jpg,plastic_lid
350,train/350.jpg,styrofoam
351,train/351.jpg,aluminium_foil
352,train/352.jpg,plastic_bottle
353,train/353.jpg,paper_cup
354,train/354.jpg,metal_can
355,train/355.jpg,plastic_cup
356,train/356.jpg,plastic_lid
357,train/357.jpg,styrofoam
358,train/358.jpg,plastic_bottle
359,train/359.jpg,plastic_cup
360,train/360.jpg,carton
361,train/361.jpg,chips_bag
362,train/362.jpg,plastic_cup
363,train/363.jpg,plastic_bottle
364,train/364.jpg,plastic_bottle_cap
365,train/365.jpg,metal_can
366,train/366.jpg,styrofoam
367,train/367.jpg,styrofoam
368,train/368.jpg,styrofoam
369,train/369.jpg,carton
370,train/370.jpg,metal_can
371,train/371.jpg,plastic_bottle_cap
372,train/372.jpg,plastic_bottle
373,train/373.jpg,plastic_bag
374,train/374.jpg,plastic_bottle
375,train/375.jpg,carton
376,train/376.jpg,plastic_bottle
377,train/377.jpg,plastic_bag
378,train/378.jpg,plastic_bottle_cap
379,train/379.jpg,plastic_bottle
380,train/380.jpg,plastic_bottle
381,train/381.jpg,chips_bag
382,train/382.jpg,plastic_straw
383,train/383.jpg,carton
384,train/384.jpg,plastic_bottle
385,train/385.jpg,plastic_bottle
386,train/386.jpg,metal_can
387,train/387.jpg,carton
388,train/388.jpg,metal_bottle_cap
389,train/389.jpg,plastic_bottle
390,train/390.jpg,aluminium_foil
391,train/391.jpg,plastic_bottle
392,train/392.jpg,plastic_bottle_cap
393,train/393.jpg,plastic_bag
394,train/394.jpg,paper
395,train/395.jpg,styrofoam
396,train/396.jpg,drink_carton
397,train/397.jpg,paper_cup
398,train/398.jpg,plastic_bottle
399,train/399.jpg,glass_bottle
400,train/400.jpg,carton
401,train/401.jpg,aluminium_foil
402,train/402.jpg,plastic_bag
403,train/403.jpg,plastic_bottle
404,train/404.jpg,plastic_bottle_cap
405,train/405.jpg,plastic_bottle_cap
406,train/406.jpg,plastic_container
407,train/407.jpg,glass_bottle
408,train/408.jpg,paper
409,train/409.jpg,metal_can
410,train/410.jpg,plastic_straw
411,train/411.jpg,paper_tissues
412,train/412.jpg,plastic_straw
413,train/413.jpg,paper
414,train/414.jpg,glass_bottle
415,train/415.jpg,styrofoam
416,train/416.jpg,paper_tissues
417,train/417.jpg,styrofoam
418,train/418.jpg,metal_bottle_cap
419,train/419.jpg,plastic_lid
420,train/420.jpg,paper
421,train/421.jpg,paper
422,train/422.jpg,metal_can
423,train/423.jpg,metal_bottle_cap
424,train/424.jpg,metal_bottle_cap
425,train/425.jpg,paper_cup
426,train/426.jpg,glass_bottle
427,train/427.jpg,carton
428,train/428.jpg,plastic_straw
429,train/429.jpg,metal_bottle_cap
430,train/430.jpg,plastic_container
431,train/431.jpg,plastic_bottle_cap
432,train/432.jpg,paper_tissues
433,train/433.jpg,plastic_bottle
434,train/434.jpg,paper_cup
435,train/435.jpg,plastic_bag
436,train/436.jpg,plastic_bottle
437,train/437.jpg,plastic_bottle
438,train/438.jpg,plastic_bottle_cap
439,train/439.jpg,plastic_bottle
440,train/440.jpg,plastic_tableware
441,train/441.jpg,plastic_bottle_cap
442,train/442.jpg,plastic_lid
443,train/443.jpg,plastic_lid
444,train/444.jpg,metal_can
445,train/445.jpg,plastic_bottle
446,train/446.jpg,metal_can
447,train/447.jpg,plastic_bottle
448,train/448.jpg,metal_bottle_cap
449,train/449.jpg,plastic_bottle
450,train/450.jpg,plastic_bottle_cap
451,train/451.jpg,metal_can
452,train/452.jpg,metal_can
453,train/453.jpg,paper
454,train/454.jpg,metal_can
455,train/455.jpg,paper
456,train/456.jpg,chips_bag
457,train/457.jpg,carton
458,train/458.jpg,drink_carton
459,train/459.jpg,carton
460,train/460.jpg,paper
461,train/461.jpg,plastic_container
462,train/462.jpg,chips_bag
463,train/463.jpg,metal_bottle_cap
464,train/464.jpg,metal_bottle_cap
465,train/465.jpg,metal_can
466,train/466.jpg,plastic_bag
467,train/467.jpg,carton
468,train/468.jpg,plastic_bag
469,train/469.jpg,styrofoam
470,train/470.jpg,plastic_bottle_cap
471,train/471.jpg,plastic_straw
472,train/472.jpg,plastic_bottle
473,train/473.jpg,metal_can
474,train/474.jpg,metal_can
475,train/475.jpg,carton
476,train/476.jpg,paper_cup
477,train/477.jpg,carton
478,train/478.jpg,metal_bottle_cap
479,train/479.jpg,metal_can
480,train/480.jpg,plastic_bottle
481,train/481.jpg,plastic_bottle
482,train/482.jpg,plastic_bottle_cap
483,train/483.jpg,glass_bottle
484,train/484.jpg,plastic_bottle
485,train/485.jpg,metal_can
486,train/486.jpg,drink_carton
487,train/487.jpg,carton
488,train/488.jpg,plastic_bottle
489,train/489.jpg,metal_can
490,train/490.jpg,glass_bottle
491,train/491.jpg,carton
492,train/492.jpg,plastic_tableware
493,train/493.jpg,plastic_bag
494,train/494.jpg,metal_can
495,train/495.jpg,plastic_tableware
496,train/496.jpg,carton
497,train/497.jpg,plastic_bottle_cap
498,train/498.jpg,chips_bag
499,train/499.jpg,drink_carton
500,train/500.jpg,carton
501,train/501.jpg,plastic_straw
502,train/502.jpg,metal_can
503,train/503.jpg,aluminium_foil
504,train/504.jpg,plastic_cup
505,train/505.jpg,carton
506,train/506.jpg,metal_can
507,train/507.jpg,carton
508,train/508.jpg,metal_can
509,train/509.jpg,drink_carton
510,train/510.jpg,plastic_cup
511,train/511.jpg,paper
512,train/512.jpg,metal_bottle_cap
513,train/513.jpg,plastic_bag
514,train/514.jpg,aluminium_foil
515,train/515.jpg,plastic_cup
516,train/516.jpg,plastic_tableware
517,train/517.jpg,glass_bottle
518,train/518.jpg,plastic_bottle
519,train/519.jpg,paper_tissues
520,train/520.jpg,metal_bottle_cap
521,train/521.jpg,metal_can
522,train/522.jpg,aluminium_foil
523,train/523.jpg,aluminium_foil
524,train/524.jpg,plastic_bag
525,train/525.jpg,plastic_bottle
526,train/526.jpg,plastic_cup
527,train/527.jpg,plastic_lid
528,train/528.jpg,paper_cup
529,train/529.jpg,plastic_bottle_cap
530,train/530.jpg,metal_bottle_cap
531,train/531.jpg,aluminium_foil
532,train/532.jpg,metal_can
533,train/533.jpg,plastic_bottle
534,train/534.jpg,plastic_bottle_cap
535,train/535.jpg,plastic_bottle_cap
536,train/536.jpg,aluminium_foil
537,train/537.jpg,styrofoam
538,train/538.jpg,plastic_cup
539,train/539.jpg,plastic_bottle
540,train/540.jpg,plastic_bottle
541,train/541.jpg,plastic_bottle
542,train/542.jpg,carton
543,train/543.jpg,styrofoam
544,train/544.jpg,plastic_straw
545,train/545.jpg,metal_bottle_cap
546,train/546.jpg,plastic_bottle
547,train/547.jpg,plastic_straw
548,train/548.jpg,metal_can
549,train/549.jpg,plastic_cup
550,train/550.jpg,carton
551,train/551.jpg,glass_bottle
552,train/552.jpg,plastic_bottle_cap
553,train/553.jpg,styrofoam
554,train/554.jpg,carton
555,train/555.jpg,glass_bottle
556,train/556.jpg,carton
557,train/557.jpg,plastic_cup
558,train/558.jpg,plastic_bottle_cap
559,train/559.jpg,metal_can
560,train/560.jpg,plastic_cup
561,train/561.jpg,paper
562,train/562.jpg,plastic_bottle
563,train/563.jpg,metal_can
564,train/564.jpg,plastic_bottle
565,train/565.jpg,plastic_tableware
566,train/566.jpg,paper
567,train/567.jpg,plastic_bottle
568,train/568.jpg,plastic_bottle
569,train/569.jpg,carton
570,train/570.jpg,plastic_bottle
571,train/571.jpg,plastic_bottle
572,train/572.jpg,carton
573,train/573.jpg,plastic_straw
574,train/574.jpg,aluminium_foil
575,train/575.jpg,paper
576,train/576.jpg,paper
577,train/577.jpg,plastic_cup
578,train/578.jpg,paper
579,train/579.jpg,plastic_bottle_cap
580,train/580.jpg,plastic_bottle
581,train/581.jpg,drink_carton
582,train/582.jpg,carton
583,train/583.jpg,plastic_lid
584,train/584.jpg,metal_bottle_cap
585,train/585.jpg,plastic_straw
586,train/586.jpg,aluminium_foil
587,train/587.jpg,plastic_bottle
588,train/588.jpg,styrofoam
589,train/589.jpg,plastic_straw
590,train/590.jpg,carton
591,train/591.jpg,plastic_lid
592,train/592.jpg,plastic_lid
593,train/593.jpg,styrofoam
594,train/594.jpg,glass_bottle
595,train/595.jpg,plastic_bottle_cap
596,train/596.jpg,plastic_bottle_cap
597,train/597.jpg,plastic_bottle
598,train/598.jpg,carton
599,train/599.jpg,paper_cup
600,train/600.jpg,carton
601,train/601.jpg,metal_can
602,train/602.jpg,drink_carton
603,train/603.jpg,paper
604,train/604.jpg,plastic_bottle
605,train/605.jpg,paper_cup
606,train/606.jpg,plastic_bottle
607,train/607.jpg,plastic_bag
608,train/608.jpg,plastic_bottle_cap
609,train/609.jpg,metal_bottle_cap
610,train/610.jpg,plastic_bottle
611,train/611.jpg,metal_can
612,train/612.jpg,plastic_bottle_cap
613,train/613.jpg,paper
614,train/614.jpg,plastic_bottle
615,train/615.jpg,glass_bottle
616,train/616.jpg,carton
617,train/617.jpg,carton
618,train/618.jpg,paper
619,train/619.jpg,glass_bottle
620,train/620.jpg,plastic_bag
621,train/621.jpg,plastic_bag
622,train/622.jpg,plastic_bag
623,train/623.jpg,plastic_bottle
624,train/624.jpg,plastic_straw
625,train/625.jpg,aluminium_foil
626,train/626.jpg,carton
627,train/627.jpg,plastic_bottle
628,train/628.jpg,plastic_bag
629,train/629.jpg,plastic_bottle_cap
630,train/630.jpg,plastic_straw
631,train/631.jpg,styrofoam
632,train/632.jpg,plastic_bottle
633,train/633.jpg,metal_bottle_cap
634,train/634.jpg,plastic_bottle_cap
635,train/635.jpg,metal_can
636,train/636.jpg,plastic_bag
637,train/637.jpg,metal_bottle_cap
638,train/638.jpg,aluminium_foil
639,train/639.jpg,styrofoam
640,train/640.jpg,plastic_bottle_cap
641,train/641.jpg,plastic_bottle
642,train/642.jpg,chips_bag
643,train/643.jpg,plastic_lid
644,train/644.jpg,styrofoam
645,train/645.jpg,plastic_bottle
646,train/646.jpg,metal_bottle_cap
647,train/647.jpg,metal_can
648,train/648.jpg,plastic_straw
649,train/649.jpg,carton
650,train/650.jpg,carton
651,train/651.jpg,carton
652,train/652.jpg,plastic_bottle_cap
653,train/653.jpg,plastic_bottle_cap
654,train/654.jpg,glass_bottle
655,train/655.jpg,carton
656,train/656.jpg,carton
657,train/657.jpg,paper_cup
658,train/658.jpg,plastic_bag
659,train/659.jpg,plastic_straw
660,train/660.jpg,metal_can
661,train/661.jpg,carton
662,train/662.jpg,plastic_bottle
663,train/663.jpg,metal_can
664,train/664.jpg,metal_can
665,train/665.jpg,plastic_bottle
666,train/666.jpg,metal_can
667,train/667.jpg,plastic_bottle_cap
668,train/668.jpg,drink_carton
669,train/669.jpg,plastic_cup
670,train/670.jpg,carton
671,train/671.jpg,glass_bottle
672,train/672.jpg,metal_bottle_cap
673,train/673.jpg,plastic_cup
674,train/674.jpg,metal_can
675,train/675.jpg,styrofoam
676,train/676.jpg,carton
677,train/677.jpg,drink_carton
678,train/678.jpg,plastic_bottle_cap
679,train/679.jpg,plastic_bottle
680,train/680.jpg,paper
681,train/681.jpg,plastic_container
682,train/682.jpg,metal_can
683,train/683.jpg,carton
684,train/684.jpg,carton
685,train/685.jpg,plastic_bottle_cap
686,train/686.jpg,plastic_bottle_cap
687,train/687.jpg,metal_can
688,train/688.jpg,plastic_straw
689,train/689.jpg,metal_can
690,train/690.jpg,paper
691,train/691.jpg,plastic_bottle
692,train/692.jpg,paper_tissues
693,train/693.jpg,plastic_lid
694,train/694.jpg,metal_can
695,train/695.jpg,plastic_bottle_cap
696,train/696.jpg,plastic_bottle_cap
697,train/697.jpg,metal_can
698,train/698.jpg,plastic_straw
699,train/699.jpg,carton
700,train/700.jpg,plastic_bottle_cap
701,train/701.jpg,plastic_bag
702,train/702.jpg,plastic_straw
703,train/703.jpg,drink_carton
704,train/704.jpg,metal_can
705,train/705.jpg,metal_can
706,train/706.jpg,plastic_bottle_cap
707,train/707.jpg,plastic_straw
708,train/708.jpg,plastic_straw
709,train/709.jpg,metal_can
710,train/710.jpg,plastic_bottle_cap
711,train/711.jpg,plastic_cup
712,train/712.jpg,plastic_bottle
713,train/713.jpg,plastic_bottle_cap
714,train/714.jpg,plastic_bottle
715,train/715.jpg,carton
716,train/716.jpg,plastic_bottle
717,train/717.jpg,plastic_bag
718,train/718.jpg,metal_bottle_cap
719,train/719.jpg,plastic_bottle_cap
720,train/720.jpg,plastic_bottle_cap
721,train/721.jpg,metal_can
722,train/722.jpg,paper
723,train/723.jpg,plastic_lid
724,train/724.jpg,carton
725,train/725.jpg,plastic_container
726,train/726.jpg,plastic_cup
727,train/727.jpg,metal_bottle_cap
728,train/728.jpg,metal_can
729,train/729.jpg,aluminium_foil
730,train/730.jpg,plastic_bottle
731,train/731.jpg,paper_tissues
732,train/732.jpg,plastic_straw
733,train/733.jpg,plastic_bottle_cap
734,train/734.jpg,paper_cup
735,train/735.jpg,plastic_bottle
736,train/736.jpg,carton
737,train/737.jpg,plastic_bag
738,train/738.jpg,plastic_straw
739,train/739.jpg,paper_cup
740,train/740.jpg,plastic_bottle_cap
741,train/741.jpg,glass_bottle
742,train/742.jpg,plastic_bottle_cap
743,train/743.jpg,carton
744,train/744.jpg,chips_bag
745,train/745.jpg,plastic_straw
746,train/746.jpg,plastic_bottle_cap
747,train/747.jpg,plastic_bottle
748,train/748.jpg,aluminium_foil
749,train/749.jpg,paper_cup
750,train/750.jpg,styrofoam
751,train/751.jpg,plastic_bottle
752,train/752.jpg,paper_cup
753,train/753.jpg,plastic_bottle
754,train/754.jpg,paper
755,train/755.jpg,plastic_bottle
756,train/756.jpg,plastic_bottle
757,train/757.jpg,glass_bottle
758,train/758.jpg,paper
759,train/759.jpg,plastic_bottle
760,train/760.jpg,plastic_straw
761,train/761.jpg,metal_bottle_cap
762,train/762.jpg,plastic_container
763,train/763.jpg,drink_carton
764,train/764.jpg,metal_can
765,train/765.jpg,plastic_bottle
766,train/766.jpg,plastic_bottle
767,train/767.jpg,carton
768,train/768.jpg,plastic_straw
769,train/769.jpg,plastic_bottle
770,train/770.jpg,paper
771,train/771.jpg,styrofoam
772,train/772.jpg,plastic_bottle
773,train/773.jpg,glass_bottle
774,train/774.jpg,plastic_bottle
775,train/775.jpg,plastic_cup
776,train/776.jpg,metal_can
777,train/777.jpg,plastic_bag
778,train/778.jpg,styrofoam
779,train/779.jpg,carton
780,train/780.jpg,plastic_bottle
781,train/781.jpg,metal_can
782,train/782.jpg,plastic_bottle_cap
783,train/783.jpg,plastic_container
784,train/784.jpg,plastic_bottle_cap
785,train/785.jpg,plastic_bottle_cap
786,train/786.jpg,metal_bottle_cap
787,train/787.jpg,paper_cup
788,train/788.jpg,glass_bottle
789,train/789.jpg,plastic_bottle_cap
790,train/790.jpg,aluminium_foil
791,train/791.jpg,carton
792,train/792.jpg,plastic_lid
793,train/793.jpg,paper_cup
794,train/794.jpg,plastic_bottle
795,train/795.jpg,styrofoam
796,train/796.jpg,glass_bottle
797,train/797.jpg,plastic_bottle_cap
798,train/798.jpg,carton
799,train/799.jpg,drink_carton
800,train/800.jpg,plastic_container
801,train/801.jpg,plastic_bottle_cap
802,train/802.jpg,plastic_bag
803,train/803.jpg,plastic_bottle
804,train/804.jpg,metal_bottle_cap
805,train/805.jpg,carton
806,train/806.jpg,plastic_straw
807,train/807.jpg,plastic_bottle_cap
808,train/808.jpg,metal_can
809,train/809.jpg,carton
810,train/810.jpg,glass_bottle
811,train/811.jpg,plastic_bottle
812,train/812.jpg,carton
813,train/813.jpg,plastic_bottle_cap
814,train/814.jpg,plastic_tableware
815,train/815.jpg,plastic_bottle_cap
816,train/816.jpg,plastic_straw
817,train/817.jpg,plastic_bottle
818,train/818.jpg,carton
819,train/819.jpg,plastic_cup
820,train/820.jpg,drink_carton
821,train/821.jpg,paper_tissues
822,train/822.jpg,carton
823,train/823.jpg,paper
824,train/824.jpg,carton
825,train/825.jpg,carton
826,train/826.jpg,drink_carton
827,train/827.jpg,plastic_tableware
828,train/828.jpg,plastic_bottle_cap
829,train/829.jpg,plastic_bottle
830,train/830.jpg,drink_carton
831,train/831.jpg,plastic_bottle
832,train/832.jpg,metal_can
833,train/833.jpg,plastic_lid
834,train/834.jpg,plastic_bag
835,train/835.jpg,plastic_bottle
836,train/836.jpg,carton
837,train/837.jpg,carton
838,train/838.jpg,plastic_bottle
839,train/839.jpg,carton
840,train/840.jpg,paper_cup
841,train/841.jpg,styrofoam
842,train/842.jpg,plastic_bottle
843,train/843.jpg,carton
844,train/844.jpg,plastic_bottle
845,train/845.jpg,plastic_bottle
846,train/846.jpg,metal_can
847,train/847.jpg,plastic_bottle
848,train/848.jpg,plastic_bottle
849,train/849.jpg,plastic_bottle_cap
850,train/850.jpg,plastic_bottle
851,train/851.jpg,metal_can
852,train/852.jpg,metal_bottle_cap
853,train/853.jpg,drink_carton
854,train/854.jpg,plastic_bag
855,train/855.jpg,plastic_bottle
856,train/856.jpg,plastic_bottle_cap
857,train/857.jpg,styrofoam
858,train/858.jpg,chips_bag
859,train/859.jpg,plastic_bottle_cap
860,train/860.jpg,glass_bottle
861,train/861.jpg,plastic_container
862,train/862.jpg,aluminium_foil
863,train/863.jpg,plastic_cup
864,train/864.jpg,styrofoam
865,train/865.jpg,paper_tissues
866,train/866.jpg,plastic_lid
867,train/867.jpg,plastic_cup
868,train/868.jpg,plastic_cup
869,train/869.jpg,plastic_straw
870,train/870.jpg,plastic_straw
871,train/871.jpg,chips_bag
872,train/872.jpg,paper_tissues
873,train/873.jpg,glass_bottle
874,train/874.jpg,plastic_tableware
875,train/875.jpg,plastic_container
876,train/876.jpg,plastic_bottle
877,train/877.jpg,paper
878,train/878.jpg,plastic_straw
879,train/879.jpg,styrofoam
880,train/880.jpg,plastic_bottle
881,train/881.jpg,metal_can
882,train/882.jpg,plastic_bottle_cap
883,train/883.jpg,plastic_cup
884,train/884.jpg,paper
885,train/885.jpg,paper
886,train/886.jpg,metal_can
887,train/887.jpg,plastic_bottle_cap
888,train/888.jpg,paper_cup
889,train/889.jpg,plastic_bag
890,train/890.jpg,plastic_bag
891,train/891.jpg,plastic_bottle
892,train/892.jpg,styrofoam
893,train/893.jpg,carton
894,train/894.jpg,plastic_bag
895,train/895.jpg,plastic_straw
896,train/896.jpg,metal_bottle_cap
897,train/897.jpg,plastic_container
898,train/898.jpg,plastic_bag
899,train/899.jpg,carton
900,train/900.jpg,plastic_bottle
901,train/901.jpg,plastic_bottle_cap
902,train/902.jpg,plastic_tableware
903,train/903.jpg,metal_can
904,train/904.jpg,aluminium_foil
905,train/905.jpg,metal_can
906,train/906.jpg,paper
907,train/907.jpg,plastic_cup
908,train/908.jpg,plastic_cup
909,train/909.jpg,plastic_bag
910,train/910.jpg,plastic_bottle
911,train/911.jpg,carton
912,train/912.jpg,plastic_straw
913,train/913.jpg,paper_tissues
914,train/914.jpg,glass_bottle
915,train/915.jpg,carton
916,train/916.jpg,styrofoam
917,train/917.jpg,styrofoam
918,train/918.jpg,aluminium_foil
919,train/919.jpg,plastic_bottle
920,train/920.jpg,metal_can
921,train/921.jpg,plastic_tableware
922,train/922.jpg,plastic_bottle
923,train/923.jpg,plastic_lid
924,train/924.jpg,plastic_straw
925,train/925.jpg,plastic_lid
926,train/926.jpg,plastic_bottle
927,train/927.jpg,paper
928,train/928.jpg,chips_bag
929,train/929.jpg,plastic_bottle
930,train/930.jpg,metal_can
931,train/931.jpg,paper_cup
932,train/932.jpg,styrofoam
933,train/933.jpg,paper
934,train/934.jpg,paper_tissues
935,train/935.jpg,plastic_bottle
936,train/936.jpg,metal_can
937,train/937.jpg,plastic_bag
938,train/938.jpg,plastic_bottle_cap
939,train/939.jpg,plastic_bottle_cap
940,train/940.jpg,paper_tissues
941,train/941.jpg,chips_bag
942,train/942.jpg,paper
943,train/943.jpg,paper_cup
944,train/944.jpg,metal_can
945,train/945.jpg,plastic_cup
946,train/946.jpg,aluminium_foil
947,train/947.jpg,plastic_bottle
948,train/948.jpg,plastic_bottle_cap
949,train/949.jpg,plastic_tableware
950,train/950.jpg,carton
951,train/951.jpg,drink_carton
952,train/952.jpg,metal_can
953,train/953.jpg,plastic_lid
954,train/954.jpg,plastic_bottle_cap
955,train/955.jpg,plastic_bag
956,train/956.jpg,metal_can
957,train/957.jpg,plastic_bottle
958,train/958.jpg,plastic_bottle_cap
959,train/959.jpg,plastic_bottle_cap
960,train/960.jpg,paper
961,train/961.jpg,metal_can
962,train/962.jpg,plastic_bottle
963,train/963.jpg,metal_can
964,train/964.jpg,aluminium_foil
965,train/965.jpg,glass_bottle
966,train/966.jpg,aluminium_foil
967,train/967.jpg,plastic_bottle
968,train/968.jpg,plastic_bottle
969,train/969.jpg,plastic_bottle
970,train/970.jpg,plastic_bottle_cap
971,train/971.jpg,plastic_bottle
972,train/972.jpg,chips_bag
973,train/973.jpg,carton
974,train/974.jpg,metal_can
975,train/975.jpg,paper_cup
976,train/976.jpg,glass_bottle
977,train/977.jpg,plastic_cup
978,train/978.jpg,carton
979,train/979.jpg,chips_bag
980,train/980.jpg,plastic_bottle
981,train/981.jpg,plastic_straw
982,train/982.jpg,plastic_bag
983,train/983.jpg,plastic_bottle
984,train/984.jpg,metal_can
985,train/985.jpg,paper_tissues
986,train/986.jpg,plastic_lid
987,train/987.jpg,styrofoam
988,train/988.jpg,plastic_bottle_cap
989,train/989.jpg,plastic_cup
990,train/990.jpg,glass_bottle
991,train/991.jpg,metal_can
992,train/992.jpg,plastic_bottle
993,train/993.jpg,metal_can
994,train/994.jpg,plastic_straw
995,train/995.jpg,carton
996,train/996.jpg,plastic_bottle
997,train/997.jpg,metal_can
998,train/998.jpg,paper_cup
999,train/999.jpg,plastic_tableware
1000,train/1000.jpg,paper
1001,train/1001.jpg,plastic_bottle
1002,train/1002.jpg,glass_bottle
1003,train/1003.jpg,drink_carton
1004,train/1004.jpg,paper
1005,train/1005.jpg,chips_bag
1006,train/1006.jpg,carton
1007,train/1007.jpg,plastic_bottle
1008,train/1008.jpg,plastic_straw
1009,train/1009.jpg,plastic_bag
1010,train/1010.jpg,plastic_bottle_cap
1011,train/1011.jpg,styrofoam
1012,train/1012.jpg,metal_can
1013,train/1013.jpg,styrofoam
1014,train/1014.jpg,chips_bag
1015,train/1015.jpg,drink_carton
1016,train/1016.jpg,metal_bottle_cap
1017,train/1017.jpg,plastic_straw
1018,train/1018.jpg,plastic_straw
1019,train/1019.jpg,metal_bottle_cap
1020,train/1020.jpg,paper_cup
1021,train/1021.jpg,plastic_cup
1022,train/1022.jpg,metal_can
1023,train/1023.jpg,plastic_straw
1024,train/1024.jpg,plastic_lid
1025,train/1025.jpg,glass_bottle
1026,train/1026.jpg,aluminium_foil
1027,train/1027.jpg,styrofoam
1028,train/1028.jpg,metal_can
1029,train/1029.jpg,plastic_cup
1030,train/1030.jpg,aluminium_foil
1031,train/1031.jpg,metal_can
1032,train/1032.jpg,metal_can
1033,train/1033.jpg,styrofoam
1034,train/1034.jpg,paper_cup
1035,train/1035.jpg,metal_bottle_cap
1036,train/1036.jpg,plastic_lid
1037,train/1037.jpg,plastic_bottle_cap
1038,train/1038.jpg,plastic_bag
1039,train/1039.jpg,plastic_bottle
1040,train/1040.jpg,glass_bottle
1041,train/1041.jpg,styrofoam
1042,train/1042.jpg,plastic_bottle
1043,train/1043.jpg,styrofoam
1044,train/1044.jpg,plastic_bottle
1045,train/1045.jpg,metal_bottle_cap
1046,train/1046.jpg,plastic_bottle
1047,train/1047.jpg,carton
1048,train/1048.jpg,plastic_lid
1049,train/1049.jpg,plastic_bottle_cap
1050,train/1050.jpg,plastic_straw
1051,train/1051.jpg,metal_can
1052,train/1052.jpg,paper_cup
1053,train/1053.jpg,plastic_bottle
1054,train/1054.jpg,metal_can
1055,train/1055.jpg,drink_carton
1056,train/1056.jpg,metal_bottle_cap
1057,train/1057.jpg,carton
1058,train/1058.jpg,plastic_cup
1059,train/1059.jpg,plastic_bottle
1060,train/1060.jpg,plastic_cup
1061,train/1061.jpg,styrofoam
1062,train/1062.jpg,plastic_straw
1063,train/1063.jpg,plastic_lid
1064,train/1064.jpg,plastic_straw
1065,train/1065.jpg,plastic_bottle
1066,train/1066.jpg,plastic_bottle
1067,train/1067.jpg,metal_can
1068,train/1068.jpg,metal_can
1069,train/1069.jpg,glass_bottle
1070,train/1070.jpg,plastic_bottle
1071,train/1071.jpg,plastic_bottle
1072,train/1072.jpg,paper_cup
1073,train/1073.jpg,metal_can
1074,train/1074.jpg,metal_can
1075,train/1075.jpg,plastic_cup
1076,train/1076.jpg,metal_bottle_cap
1077,train/1077.jpg,carton
1078,train/1078.jpg,metal_can
1079,train/1079.jpg,aluminium_foil
1080,train/1080.jpg,glass_bottle
1081,train/1081.jpg,metal_bottle_cap
1082,train/1082.jpg,paper
1083,train/1083.jpg,plastic_bottle_cap
1084,train/1084.jpg,plastic_bottle
1085,train/1085.jpg,plastic_straw
1086,train/1086.jpg,glass_bottle
1087,train/1087.jpg,metal_can
1088,train/1088.jpg,plastic_cup
1089,train/1089.jpg,carton
1090,train/1090.jpg,plastic_bottle_cap
1091,train/1091.jpg,carton
1092,train/1092.jpg,plastic_bottle
1093,train/1093.jpg,plastic_bottle
1094,train/1094.jpg,paper
1095,train/1095.jpg,plastic_cup
1096,train/1096.jpg,plastic_lid
1097,train/1097.jpg,carton
1098,train/1098.jpg,glass_bottle
1099,train/1099.jpg,drink_carton
1100,train/1100.jpg,styrofoam
1101,train/1101.jpg,metal_bottle_cap
1102,train/1102.jpg,carton
1103,train/1103.jpg,paper_tissues
1104,train/1104.jpg,plastic_straw
1105,train/1105.jpg,plastic_bag
1106,train/1106.jpg,plastic_cup
1107,train/1107.jpg,paper
1108,train/1108.jpg,paper_cup
1109,train/1109.jpg,plastic_bottle
1110,train/1110.jpg,plastic_bag
1111,train/1111.jpg,carton
1112,train/1112.jpg,plastic_bottle_cap
1113,train/1113.jpg,metal_bottle_cap
1114,train/1114.jpg,plastic_straw
1115,train/1115.jpg,metal_can
1116,train/1116.jpg,plastic_bottle
1117,train/1117.jpg,carton
1118,train/1118.jpg,carton
1119,train/1119.jpg,plastic_cup
1120,train/1120.jpg,plastic_straw
1121,train/1121.jpg,carton
1122,train/1122.jpg,plastic_straw
1123,train/1123.jpg,plastic_lid
1124,train/1124.jpg,plastic_straw
1125,train/1125.jpg,metal_can
1126,train/1126.jpg,metal_can
1127,train/1127.jpg,plastic_bag
1128,train/1128.jpg,metal_can
1129,train/1129.jpg,metal_bottle_cap
1130,train/1130.jpg,paper
1131,train/1131.jpg,paper
1132,train/1132.jpg,plastic_straw
1133,train/1133.jpg,plastic_bottle_cap
1134,train/1134.jpg,plastic_bag
1135,train/1135.jpg,plastic_lid
1136,train/1136.jpg,metal_can
1137,train/1137.jpg,carton
1138,train/1138.jpg,paper_tissues
1139,train/1139.jpg,plastic_bottle
1140,train/1140.jpg,metal_can
1141,train/1141.jpg,drink_carton
1142,train/1142.jpg,carton
1143,train/1143.jpg,plastic_lid
1144,train/1144.jpg,metal_can
1145,train/1145.jpg,paper_cup
1146,train/1146.jpg,glass_bottle
1147,train/1147.jpg,plastic_bottle
1148,train/1148.jpg,plastic_cup
1149,train/1149.jpg,plastic_cup
1150,train/1150.jpg,plastic_bottle
1151,train/1151.jpg,plastic_bottle
1152,train/1152.jpg,plastic_container
1153,train/1153.jpg,paper_cup
1154,train/1154.jpg,metal_can
1155,train/1155.jpg,plastic_container
1156,train/1156.jpg,styrofoam
1157,train/1157.jpg,carton
1158,train/1158.jpg,plastic_bottle
1159,train/1159.jpg,chips_bag
1160,train/1160.jpg,paper_cup
1161,train/1161.jpg,metal_can
1162,train/1162.jpg,plastic_lid
1163,train/1163.jpg,plastic_bottle
1164,train/1164.jpg,plastic_bottle
1165,train/1165.jpg,carton
1166,train/1166.jpg,paper_tissues
1167,train/1167.jpg,plastic_straw
1168,train/1168.jpg,paper
1169,train/1169.jpg,metal_can
1170,train/1170.jpg,plastic_bottle
1171,train/1171.jpg,chips_bag
1172,train/1172.jpg,plastic_bottle
1173,train/1173.jpg,plastic_bag
1174,train/1174.jpg,aluminium_foil
1175,train/1175.jpg,plastic_straw
1176,train/1176.jpg,metal_can
1177,train/1177.jpg,plastic_bottle_cap
1178,train/1178.jpg,plastic_bottle_cap
1179,train/1179.jpg,paper_cup
1180,train/1180.jpg,plastic_bottle
1181,train/1181.jpg,plastic_bottle
1182,train/1182.jpg,metal_can
1183,train/1183.jpg,plastic_bottle
1184,train/1184.jpg,metal_can
1185,train/1185.jpg,chips_bag
1186,train/1186.jpg,plastic_bottle
1187,train/1187.jpg,plastic_cup
1188,train/1188.jpg,metal_can
1189,train/1189.jpg,plastic_container
1190,train/1190.jpg,aluminium_foil
1191,train/1191.jpg,styrofoam
1192,train/1192.jpg,metal_can
1193,train/1193.jpg,metal_bottle_cap
1194,train/1194.jpg,paper_tissues
1195,train/1195.jpg,plastic_straw
1196,train/1196.jpg,metal_can
1197,train/1197.jpg,carton
1198,train/1198.jpg,aluminium_foil
1199,train/1199.jpg,carton
1200,train/1200.jpg,plastic_bottle_cap
1201,train/1201.jpg,plastic_straw
1202,train/1202.jpg,metal_can
1203,train/1203.jpg,carton
1204,train/1204.jpg,plastic_lid
1205,train/1205.jpg,plastic_container
1206,train/1206.jpg,plastic_straw
1207,train/1207.jpg,styrofoam
1208,train/1208.jpg,paper
1209,train/1209.jpg,paper
1210,train/1210.jpg,plastic_bottle
1211,train/1211.jpg,plastic_bottle_cap
1212,train/1212.jpg,plastic_bottle
1213,train/1213.jpg,plastic_bottle_cap
1214,train/1214.jpg,metal_can
1215,train/1215.jpg,plastic_bottle
1216,train/1216.jpg,paper
1217,train/1217.jpg,plastic_bottle_cap
1218,train/1218.jpg,styrofoam
1219,train/1219.jpg,plastic_bottle_cap
1220,train/1220.jpg,glass_bottle
1221,train/1221.jpg,aluminium_foil
1222,train/1222.jpg,plastic_bottle
1223,train/1223.jpg,paper_cup
1224,train/1224.jpg,plastic_bottle_cap
1225,train/1225.jpg,paper
1226,train/1226.jpg,metal_can
1227,train/1227.jpg,styrofoam
1228,train/1228.jpg,plastic_bottle
1229,train/1229.jpg,plastic_bottle_cap
1230,train/1230.jpg,drink_carton
1231,train/1231.jpg,plastic_straw
1232,train/1232.jpg,carton
1233,train/1233.jpg,plastic_bag
1234,train/1234.jpg,plastic_bottle
1235,train/1235.jpg,plastic_cup
1236,train/1236.jpg,plastic_straw
1237,train/1237.jpg,styrofoam
1238,train/1238.jpg,carton
1239,train/1239.jpg,plastic_bottle_cap
1240,train/1240.jpg,metal_can
1241,train/1241.jpg,plastic_bottle
1242,train/1242.jpg,plastic_lid
1243,train/1243.jpg,plastic_bottle_cap
1244,train/1244.jpg,drink_carton
1245,train/1245.jpg,carton
1246,train/1246.jpg,metal_can
1247,train/1247.jpg,metal_can
1248,train/1248.jpg,paper_cup
1249,train/1249.jpg,plastic_bottle
1250,train/1250.jpg,paper_cup
1251,train/1251.jpg,metal_can
1252,train/1252.jpg,plastic_lid
1253,train/1253.jpg,plastic_lid
1254,train/1254.jpg,plastic_bottle_cap
1255,train/1255.jpg,carton
1256,train/1256.jpg,plastic_bottle
1257,train/1257.jpg,glass_bottle
1258,train/1258.jpg,plastic_lid
1259,train/1259.jpg,plastic_lid
1260,train/1260.jpg,glass_bottle
1261,train/1261.jpg,carton
1262,train/1262.jpg,paper_tissues
1263,train/1263.jpg,plastic_bag
1264,train/1264.jpg,paper_tissues
1265,train/1265.jpg,metal_can
1266,train/1266.jpg,plastic_straw
1267,train/1267.jpg,paper_cup
1268,train/1268.jpg,plastic_bottle
1269,train/1269.jpg,plastic_straw
1270,train/1270.jpg,metal_can
1271,train/1271.jpg,plastic_bag
1272,train/1272.jpg,styrofoam
1273,train/1273.jpg,plastic_bag
1274,train/1274.jpg,paper
1275,train/1275.jpg,metal_can
1276,train/1276.jpg,plastic_bottle_cap
1277,train/1277.jpg,metal_bottle_cap
1278,train/1278.jpg,chips_bag
1279,train/1279.jpg,plastic_bottle_cap
1280,train/1280.jpg,plastic_bottle_cap
1281,train/1281.jpg,metal_bottle_cap
1282,train/1282.jpg,plastic_bottle
1283,train/1283.jpg,metal_can
1284,train/1284.jpg,plastic_bottle
1285,train/1285.jpg,metal_can
1286,train/1286.jpg,plastic_tableware
1287,train/1287.jpg,plastic_bottle
1288,train/1288.jpg,styrofoam
1289,train/1289.jpg,plastic_bag
1290,train/1290.jpg,plastic_bottle
1291,train/1291.jpg,carton
1292,train/1292.jpg,plastic_bottle
1293,train/1293.jpg,plastic_bottle_cap
1294,train/1294.jpg,plastic_bottle_cap
1295,train/1295.jpg,aluminium_foil
1296,train/1296.jpg,plastic_straw
1297,train/1297.jpg,plastic_bottle
1298,train/1298.jpg,plastic_bottle_cap
1299,train/1299.jpg,plastic_lid
1300,train/1300.jpg,plastic_bottle
1301,train/1301.jpg,plastic_bottle
1302,train/1302.jpg,plastic_cup
1303,train/1303.jpg,glass_bottle
1304,train/1304.jpg,plastic_bottle_cap
1305,train/1305.jpg,paper
1306,train/1306.jpg,drink_carton
1307,train/1307.jpg,carton
1308,train/1308.jpg,plastic_bottle
1309,train/1309.jpg,carton
1310,train/1310.jpg,metal_can
1311,train/1311.jpg,plastic_bottle
1312,train/1312.jpg,plastic_bottle_cap
1313,train/1313.jpg,metal_can
1314,train/1314.jpg,plastic_bag
1315,train/1315.jpg,glass_bottle
1316,train/1316.jpg,styrofoam
1317,train/1317.jpg,plastic_cup
1318,train/1318.jpg,plastic_bottle_cap
1319,train/1319.jpg,plastic_bottle
1320,train/1320.jpg,metal_can
1321,train/1321.jpg,plastic_lid
1322,train/1322.jpg,drink_carton
1323,train/1323.jpg,metal_can
1324,train/1324.jpg,plastic_bottle
1325,train/1325.jpg,plastic_bottle
1326,train/1326.jpg,plastic_cup
1327,train/1327.jpg,carton
1328,train/1328.jpg,plastic_bag
1329,train/1329.jpg,plastic_bag
1330,train/1330.jpg,metal_can
1331,train/1331.jpg,plastic_bottle
1332,train/1332.jpg,plastic_straw
1333,train/1333.jpg,plastic_bottle_cap
1334,train/1334.jpg,glass_bottle
1335,train/1335.jpg,plastic_bottle
1336,train/1336.jpg,metal_can
1337,train/1337.jpg,carton
1338,train/1338.jpg,carton
1339,train/1339.jpg,plastic_bottle_cap
1340,train/1340.jpg,metal_can
1341,train/1341.jpg,glass_bottle
1342,train/1342.jpg,chips_bag
1343,train/1343.jpg,glass_bottle
1344,train/1344.jpg,plastic_straw
1345,train/1345.jpg,plastic_bottle
1346,train/1346.jpg,plastic_bottle
1347,train/1347.jpg,styrofoam
1348,train/1348.jpg,plastic_bottle
1349,train/1349.jpg,metal_bottle_cap
1350,train/1350.jpg,plastic_bottle
1351,train/1351.jpg,metal_can
1352,train/1352.jpg,plastic_straw
1353,train/1353.jpg,metal_bottle_cap
1354,train/1354.jpg,plastic_bottle_cap
1355,train/1355.jpg,paper
1356,train/1356.jpg,plastic_bottle_cap
1357,train/1357.jpg,plastic_straw
1358,train/1358.jpg,paper_cup
1359,train/1359.jpg,plastic_bottle
1360,train/1360.jpg,styrofoam
1361,train/1361.jpg,aluminium_foil
1362,train/1362.jpg,paper
1363,train/1363.jpg,plastic_container
1364,train/1364.jpg,paper_cup
1365,train/1365.jpg,paper_cup
1366,train/1366.jpg,aluminium_foil
1367,train/1367.jpg,plastic_lid
1368,train/1368.jpg,paper_tissues
1369,train/1369.jpg,glass_bottle
1370,train/1370.jpg,metal_can
1371,train/1371.jpg,metal_can
1372,train/1372.jpg,styrofoam
1373,train/1373.jpg,plastic_bottle
1374,train/1374.jpg,plastic_lid
1375,train/1375.jpg,plastic_bag
1376,train/1376.jpg,carton
1377,train/1377.jpg,carton
1378,train/1378.jpg,metal_can
1379,train/1379.jpg,plastic_bag
1380,train/1380.jpg,aluminium_foil
1381,train/1381.jpg,paper_cup
1382,train/1382.jpg,paper_cup
1383,train/1383.jpg,carton
1384,train/1384.jpg,plastic_bottle
1385,train/1385.jpg,carton
1386,train/1386.jpg,plastic_lid
1387,train/1387.jpg,metal_can
1388,train/1388.jpg,plastic_bottle_cap
1389,train/1389.jpg,plastic_bottle_cap
1390,train/1390.jpg,plastic_lid
1391,train/1391.jpg,plastic_bottle_cap
1392,train/1392.jpg,carton
1393,train/1393.jpg,plastic_bottle_cap
1394,train/1394.jpg,plastic_bottle_cap
1395,train/1395.jpg,carton
1396,train/1396.jpg,plastic_straw
1397,train/1397.jpg,paper
1398,train/1398.jpg,plastic_bottle
1399,train/1399.jpg,metal_can
1400,train/1400.jpg,plastic_bottle
1401,train/1401.jpg,plastic_cup
1402,train/1402.jpg,paper
1403,train/1403.jpg,plastic_bottle_cap
1404,train/1404.jpg,plastic_bottle
1405,train/1405.jpg,paper_tissues
1406,train/1406.jpg,metal_can
1407,train/1407.jpg,styrofoam
1408,train/1408.jpg,carton
1409,train/1409.jpg,plastic_bottle
1410,train/1410.jpg,paper
1411,train/1411.jpg,plastic_straw
1412,train/1412.jpg,plastic_bottle
1413,train/1413.jpg,paper
1414,train/1414.jpg,plastic_bottle
1415,train/1415.jpg,metal_can
1416,train/1416.jpg,plastic_bottle
1417,train/1417.jpg,carton
1418,train/1418.jpg,metal_can
1419,train/1419.jpg,styrofoam
1420,train/1420.jpg,plastic_bottle
1421,train/1421.jpg,carton
1422,train/1422.jpg,carton
1423,train/1423.jpg,plastic_bottle
1424,train/1424.jpg,plastic_lid
1425,train/1425.jpg,glass_bottle
1426,train/1426.jpg,plastic_bottle_cap
1427,train/1427.jpg,drink_carton
1428,train/1428.jpg,metal_can
1429,train/1429.jpg,glass_bottle
1430,train/1430.jpg,plastic_straw
1431,train/1431.jpg,plastic_bag
1432,train/1432.jpg,plastic_bottle_cap
1433,train/1433.jpg,metal_can
1434,train/1434.jpg,metal_can
1435,train/1435.jpg,carton
1436,train/1436.jpg,plastic_tableware
1437,train/1437.jpg,plastic_tableware
1438,train/1438.jpg,glass_bottle
1439,train/1439.jpg,plastic_bottle_cap
1440,train/1440.jpg,styrofoam
1441,train/1441.jpg,plastic_container
1442,train/1442.jpg,paper_cup
1443,train/1443.jpg,carton
1444,train/1444.jpg,plastic_bottle
1445,train/1445.jpg,styrofoam
1446,train/1446.jpg,carton
1447,train/1447.jpg,metal_can
1448,train/1448.jpg,carton
1449,train/1449.jpg,paper
1450,train/1450.jpg,metal_can
1451,train/1451.jpg,glass_bottle
1452,train/1452.jpg,carton
1453,train/1453.jpg,plastic_tableware
1454,train/1454.jpg,chips_bag
1455,train/1455.jpg,plastic_lid
1456,train/1456.jpg,metal_can
1457,train/1457.jpg,drink_carton
1458,train/1458.jpg,paper
1459,train/1459.jpg,plastic_bottle_cap
1460,train/1460.jpg,glass_bottle
1461,train/1461.jpg,plastic_cup
1462,train/1462.jpg,plastic_straw
1463,train/1463.jpg,paper
1464,train/1464.jpg,plastic_straw
1465,train/1465.jpg,styrofoam
1466,train/1466.jpg,plastic_bottle_cap
1467,train/1467.jpg,carton
1468,train/1468.jpg,plastic_straw
1469,train/1469.jpg,plastic_bottle
1470,train/1470.jpg,glass_bottle
1471,train/1471.jpg,glass_bottle
1472,train/1472.jpg,plastic_bag
1473,train/1473.jpg,plastic_container
1474,train/1474.jpg,plastic_bag
1475,train/1475.jpg,metal_bottle_cap
1476,train/1476.jpg,plastic_bottle
1477,train/1477.jpg,plastic_bottle_cap
1478,train/1478.jpg,plastic_bottle
1479,train/1479.jpg,glass_bottle
1480,train/1480.jpg,carton
1481,train/1481.jpg,styrofoam
1482,train/1482.jpg,paper
1483,train/1483.jpg,plastic_bottle
1484,train/1484.jpg,glass_bottle
1485,train/1485.jpg,metal_can
1486,train/1486.jpg,plastic_bottle
1487,train/1487.jpg,plastic_cup
1488,train/1488.jpg,plastic_bottle
1489,train/1489.jpg,plastic_container
1490,train/1490.jpg,paper
1491,train/1491.jpg,carton
1492,train/1492.jpg,carton
1493,train/1493.jpg,metal_can
1494,train/1494.jpg,plastic_lid
1495,train/1495.jpg,paper
1496,train/1496.jpg,plastic_bottle
1497,train/1497.jpg,plastic_bottle
1498,train/1498.jpg,plastic_straw
1499,train/1499.jpg,glass_bottle
1500,train/1500.jpg,paper_cup
1501,train/1501.jpg,styrofoam
1502,train/1502.jpg,plastic_bottle_cap
1503,train/1503.jpg,plastic_straw
1504,train/1504.jpg,chips_bag
1505,train/1505.jpg,metal_can
1506,train/1506.jpg,plastic_bottle
1507,train/1507.jpg,drink_carton
1508,train/1508.jpg,paper
1509,train/1509.jpg,plastic_bottle
1510,train/1510.jpg,plastic_container
1511,train/1511.jpg,plastic_container
1512,train/1512.jpg,plastic_bottle
1513,train/1513.jpg,plastic_bottle_cap
1514,train/1514.jpg,plastic_straw
1515,train/1515.jpg,styrofoam
1516,train/1516.jpg,metal_can
1517,train/1517.jpg,plastic_bottle
1518,train/1518.jpg,plastic_bag
1519,train/1519.jpg,styrofoam
1520,train/1520.jpg,plastic_bottle_cap
1521,train/1521.jpg,metal_can
1522,train/1522.jpg,carton
1523,train/1523.jpg,plastic_bottle_cap
1524,train/1524.jpg,styrofoam
1525,train/1525.jpg,plastic_lid
1526,train/1526.jpg,plastic_straw
1527,train/1527.jpg,plastic_bag
1528,train/1528.jpg,paper
1529,train/1529.jpg,paper
1530,train/1530.jpg,metal_can
1531,train/1531.jpg,plastic_bottle
1532,train/1532.jpg,aluminium_foil
1533,train/1533.jpg,metal_can
1534,train/1534.jpg,plastic_bag
1535,train/1535.jpg,chips_bag
1536,train/1536.jpg,metal_can
1537,train/1537.jpg,plastic_bottle
1538,train/1538.jpg,plastic_straw
1539,train/1539.jpg,plastic_bottle
1540,train/1540.jpg,metal_can
1541,train/1541.jpg,plastic_straw
1542,train/1542.jpg,glass_bottle
1543,train/1543.jpg,styrofoam
1544,train/1544.jpg,plastic_cup
1545,train/1545.jpg,plastic_bottle_cap
1546,train/1546.jpg,plastic_bag
1547,train/1547.jpg,plastic_bottle_cap
1548,train/1548.jpg,plastic_bottle
1549,train/1549.jpg,metal_bottle_cap
1550,train/1550.jpg,paper
1551,train/1551.jpg,plastic_bottle
1552,train/1552.jpg,plastic_bottle
1553,train/1553.jpg,plastic_bag
1554,train/1554.jpg,plastic_lid
1555,train/1555.jpg,carton
1556,train/1556.jpg,plastic_bottle
1557,train/1557.jpg,carton
1558,train/1558.jpg,metal_can
1559,train/1559.jpg,paper_tissues
1560,train/1560.jpg,plastic_lid
1561,train/1561.jpg,carton
1562,train/1562.jpg,plastic_straw
1563,train/1563.jpg,metal_can
1564,train/1564.jpg,paper_cup
1565,train/1565.jpg,glass_bottle
1566,train/1566.jpg,carton
1567,train/1567.jpg,plastic_bag
1568,train/1568.jpg,plastic_bottle
1569,train/1569.jpg,plastic_straw
1570,train/1570.jpg,drink_carton
1571,train/1571.jpg,plastic_bottle_cap
1572,train/1572.jpg,paper
1573,train/1573.jpg,metal_can
1574,train/1574.jpg,carton
1575,train/1575.jpg,metal_can
1576,train/1576.jpg,plastic_tableware
1577,train/1577.jpg,plastic_lid
1578,train/1578.jpg,styrofoam
1579,train/1579.jpg,metal_can
1580,train/1580.jpg,plastic_cup
1581,train/1581.jpg,metal_can
1582,train/1582.jpg,aluminium_foil
1583,train/1583.jpg,metal_can
1584,train/1584.jpg,metal_can
1585,train/1585.jpg,plastic_bottle
1586,train/1586.jpg,metal_can
1587,train/1587.jpg,glass_bottle
1588,train/1588.jpg,paper_tissues
1589,train/1589.jpg,plastic_bottle
1590,train/1590.jpg,plastic_bottle_cap
1591,train/1591.jpg,carton
1592,train/1592.jpg,carton
1593,train/1593.jpg,plastic_bottle
1594,train/1594.jpg,plastic_bottle
1595,train/1595.jpg,aluminium_foil
1596,train/1596.jpg,metal_can
1597,train/1597.jpg,plastic_cup
1598,train/1598.jpg,metal_can
1599,train/1599.jpg,chips_bag
1600,train/1600.jpg,plastic_bottle
1601,train/1601.jpg,carton
1602,train/1602.jpg,plastic_bottle_cap
1603,train/1603.jpg,chips_bag
1604,train/1604.jpg,carton
1605,train/1605.jpg,carton
1606,train/1606.jpg,plastic_bottle
1607,train/1607.jpg,metal_can
1608,train/1608.jpg,paper
1609,train/1609.jpg,plastic_cup
1610,train/1610.jpg,metal_can
1611,train/1611.jpg,paper
1612,train/1612.jpg,metal_bottle_cap
1613,train/1613.jpg,metal_bottle_cap
1614,train/1614.jpg,plastic_bottle
1615,train/1615.jpg,metal_can
1616,train/1616.jpg,metal_can
1617,train/1617.jpg,plastic_bag
1618,train/1618.jpg,plastic_lid
1619,train/1619.jpg,metal_can
1620,train/1620.jpg,plastic_bottle_cap
1621,train/1621.jpg,carton
1622,train/1622.jpg,aluminium_foil
1623,train/1623.jpg,plastic_bottle
1624,train/1624.jpg,plastic_cup
1625,train/1625.jpg,plastic_bottle
1626,train/1626.jpg,chips_bag
1627,train/1627.jpg,plastic_straw
1628,train/1628.jpg,metal_can
1629,train/1629.jpg,metal_can
1630,train/1630.jpg,carton
1631,train/1631.jpg,plastic_bottle
1632,train/1632.jpg,metal_can
1633,train/1633.jpg,plastic_bottle_cap
1634,train/1634.jpg,plastic_tableware
1635,train/1635.jpg,styrofoam
1636,train/1636.jpg,metal_can
1637,train/1637.jpg,plastic_bottle_cap
1638,train/1638.jpg,plastic_bottle_cap
1639,train/1639.jpg,metal_can
1640,train/1640.jpg,metal_can
1641,train/1641.jpg,paper
1642,train/1642.jpg,paper_cup
1643,train/1643.jpg,plastic_bottle_cap
1644,train/1644.jpg,plastic_bottle_cap
1645,train/1645.jpg,plastic_bottle_cap
1646,train/1646.jpg,plastic_bottle_cap
1647,train/1647.jpg,plastic_bottle_cap
1648,train/1648.jpg,metal_bottle_cap
1649,train/1649.jpg,metal_bottle_cap
1650,train/1650.jpg,metal_bottle_cap
1651,train/1651.jpg,metal_bottle_cap
1652,train/1652.jpg,metal_bottle_cap
1653,train/1653.jpg,metal_bottle_cap
1654,train/1654.jpg,metal_bottle_cap
1655,train/1655.jpg,metal_bottle_cap
1656,train/1656.jpg,metal_bottle_cap
1657,train/1657.jpg,plastic_bottle_cap
1658,train/1658.jpg,plastic_bottle_cap
1659,train/1659.jpg,plastic_bottle_cap
1660,train/1660.jpg,plastic_bottle_cap
1661,train/1661.jpg,plastic_bottle_cap
1662,train/1662.jpg,plastic_bottle_cap
1663,train/1663.jpg,plastic_bottle_cap
1664,train/1664.jpg,plastic_bottle_cap
1665,train/1665.jpg,plastic_bottle_cap
1666,train/1666.jpg,plastic_bottle_cap
1667,train/1667.jpg,plastic_bottle_cap
1668,train/1668.jpg,plastic_bottle_cap
1669,train/1669.jpg,plastic_bottle_cap
1670,train/1670.jpg,plastic_bottle_cap
1671,train/1671.jpg,plastic_bottle_cap
1672,train/1672.jpg,plastic_bottle_cap
1673,train/1673.jpg,plastic_bottle_cap
1674,train/1674.jpg,plastic_bottle_cap
1675,train/1675.jpg,plastic_bottle_cap
1676,train/1676.jpg,plastic_bottle_cap
1677,train/1677.jpg,plastic_bottle_cap
1678,train/1678.jpg,plastic_bottle_cap
1679,train/1679.jpg,plastic_bottle_cap
1680,train/1680.jpg,plastic_bottle_cap
1681,train/1681.jpg,plastic_bottle_cap
1682,"train/1682,jpg",plastic_bottle_cap
1683,"train/1683,jpg",plastic_bottle_cap
1684,"train/1684,jpg",paper_tissues
1685,"train/1685,jpg",paper_tissues
1686,"train/1686,jpg",paper_tissues
1687,"train/1687,jpg",paper_tissues
1688,"train/1688,jpg",paper_tissues
1689,"train/1689,jpg",paper_tissues
1690,"train/1690,jpg",paper_tissues
1691,"train/1691,jpg",paper_tissues
1692,"train/1692,jpg",paper_tissues
1693,"train/1693,jpg",paper_tissues
1694,"train/1694,jpg",paper_tissues
1695,"train/1695,jpg",plastic_container
1696,"train/1696,jpg",plastic_container
1697,"train/1697,jpg",plastic_container
1698,"train/1698,jpg",plastic_container
1699,"train/1699,jpg",plastic_container
1700,"train/1700,jpg",plastic_container
1701,"train/1701,jpg",plastic_container
1702,"train/1702,jpg",plastic_container
1703,"train/1703,jpg",plastic_container
1704,"train/1704,jpg",plastic_container
1705,"train/1705,jpg",plastic_tableware
1706,"train/1706,jpg",plastic_tableware
1707,"train/1707,jpg",plastic_tableware
1708,"train/1708,jpg",plastic_tableware
1709,"train/1709,jpg",plastic_tableware
1710,"train/1710,jpg",plastic_tableware
1711,"train/1711,jpg",plastic_tableware
1712,"train/1712,jpg",plastic_tableware
1713,"train/1713,jpg",plastic_tableware
1714,"train/1714,jpg",plastic_tableware
1715,"train/1715,jpg",plastic_tableware
1716,"train/1716,jpg",plastic_tableware
1717,"train/1717,jpg",plastic_tableware
1718,"train/1718,jpg",drink_carton
1719,"train/1719,jpg",drink_carton
1720,"train/1720,jpg",drink_carton
1721,"train/1721,jpg",drink_carton
1722,"train/1722,jpg",drink_carton
1723,train/1723.jpg,chips_bag
1724,train/1724.jpg,chips_bag
1725,train/1725.jpg,chips_bag
1726,train/1726.jpg,chips_bag
1727,train/1727.jpg,chips_bag
1728,train/1728.jpg,chips_bag
1729,train/1729.jpg,chips_bag
1730,train/1730.jpg,chips_bag
1731,train/1731.jpg,chips_bag
1732,train/1732.jpg,plastic_lid
1733,train/1733.jpg,plastic_lid
1734,train/1734.jpg,plastic_lid
1735,train/1735.jpg,plastic_lid
1736,train/1736.jpg,plastic_lid
1737,train/1737.jpg,plastic_lid
1738,train/1738.jpg,plastic_lid
1739,train/1739.jpg,plastic_lid
1740,train/1740.jpg,plastic_lid
1741,train/1741.jpg,plastic_lid
1742,train/1742.jpg,drink_carton
1743,train/1743.jpg,drink_carton
1744,train/1744.jpg,drink_carton
1745,train/1745.jpg,drink_carton
1746,train/1746.jpg,paper_tissues
1747,train/1747.jpg,paper_tissues
1748,train/1748.jpg,paper_tissues
1749,train/1749.jpg,paper_tissues
1750,train/1750.jpg,paper_tissues
1751,train/1751.jpg,paper_tissues
1752,train/1752.jpg,paper_tissues
1753,train/1753.jpg,paper_tissues
